<?xml version="1.0" encoding="utf-8"?>
<odoo>
    <data noupdate="0">
        <record model="import.shopify.order.status" id="unshipped">
            <field name="name">Unshipped</field>
            <field name="status">unshipped</field>
        </record>
        <record model="import.shopify.order.status" id="partial">
            <field name="name">Partially Fulfilled</field>
            <field name="status">partial</field>
        </record>
        <record model="import.shopify.order.status" id="fulfilled">
            <field name="name">Fulfilled</field>
            <field name="status">fulfilled</field>
        </record>
    </data>
</odoo>
