<?xml version="1.0" encoding="utf-8"?>
<odoo>
    <data noupdate="1">

        <!--Create a shopify discount product-->
        <record id="shopify_discount_product" model="product.product">
            <field name="name">Shopify Discount Product</field>
            <field name="type">service</field>
            <field name="default_code">shopifydiscountproduct</field>
        </record>

        <!--Create a shopify shipping product-->
        <record id="shopify_shipping_product" model="product.product">
            <field name="name">Shopify Shipping Product</field>
            <field name="type">service</field>
            <field name="default_code">shopifyshippingproduct</field>
        </record>

        <!--Create a shopify gift card product-->
        <record id="shopify_gift_card_product" model="product.product">
            <field name="name">Shopify Gift Card Product</field>
            <field name="type">service</field>
            <field name="default_code">shopifygifcardproduct</field>
        </record>

        <!--Create a shopify custom service product-->
        <record id="shopify_custom_service_product" model="product.product">
            <field name="name">Shopify Custom Service Product</field>
            <field name="type">service</field>
            <field name="default_code">shopifycustomserviceproduct</field>
        </record>

        <!--Create a shopify custom Storable product-->
        <record id="shopify_custom_storable_product" model="product.product">
            <field name="name">Shopify Custom Storable Product</field>
            <field name="type">consu</field>
            <field name="default_code">shopifycustomstorableproduct</field>
        </record>
        <!--Create a shopify refund Adjustment product,
        It used to set this product while customers provide a custom refund on the Shopify store.-->
        <record id="shopify_refund_adjustment_product" model="product.product">
            <field name="name">Shopify Refund Adjustment Product</field>
            <field name="type">consu</field>
            <field name="default_code">shopifyrefundadjustmentproduct</field>
        </record>

        <!--Below product is used for TIP-->
        <record id="shopify_tip_product" model="product.product">
            <field name="name">TIP Product</field>
            <field name="type">service</field>
            <field name="default_code">shopifytip</field>
        </record>

        <!--Create a shopify duties product-->
        <record id="shopify_duties_product" model="product.product">
            <field name="name">Shopify Duties Product</field>
            <field name="type">service</field>
            <field name="default_code">shopifydutiesproduct</field>
        </record>

    </data>
</odoo>


